<?xml version="1.0" encoding="UTF-8"?>
<project-private xmlns="http://www.netbeans.org/ns/project-private/1">
    <editor-bookmarks xmlns="http://www.netbeans.org/ns/editor-bookmarks/2" lastBookmarkId="0"/>
    <open-files xmlns="http://www.netbeans.org/ns/projectui-open-files/2">
        <group>
            <file>file:/G:/Semester%203/Pengembangan%20Berorientasi%20Objek/proyek/Log-Aktivitas-Peminjaman-Perpustakaan/Perpustakaan/src/perpustakaan/Detail_pinjamController.java</file>
            <file>file:/G:/Semester%203/Pengembangan%20Berorientasi%20Objek/proyek/Log-Aktivitas-Peminjaman-Perpustakaan/Perpustakaan/src/perpustakaan/DetailBuku.java</file>
            <file>file:/G:/Semester%203/Pengembangan%20Berorientasi%20Objek/proyek/Log-Aktivitas-Peminjaman-Perpustakaan/Perpustakaan/src/perpustakaan/dbConnection.java</file>
            <file>file:/G:/Semester%203/Pengembangan%20Berorientasi%20Objek/proyek/Log-Aktivitas-Peminjaman-Perpustakaan/Perpustakaan/src/perpustakaan/DetailBukuController.java</file>
            <file>file:/G:/Semester%203/Pengembangan%20Berorientasi%20Objek/proyek/Log-Aktivitas-Peminjaman-Perpustakaan/Perpustakaan/src/perpustakaan/Buku.java</file>
        </group>
    </open-files>
</project-private>
